INSERT INTO teams (team_name, is_active)
VALUES ('Kitchen', true),
       ('Bar', true),
       ('Reception', true),
       ('RestaurantService', true),
       ('OldTeam', false);

INSERT INTO rosters(id, week, year, team_name)
VALUES (601, 52, 2022, 'Kitchen'),
       (602, 52, 2022, 'Bar'),
       (603, 52, 2022, 'Reception'),
       (604, 52, 2022, 'RestaurantService'),
       (605, 1, 2023, 'Kitchen'),
       (606, 1, 2023, 'Bar'),
       (607, 1, 2023, 'Reception'),
       (608, 1, 2023, 'RestaurantService');


INSERT INTO users (username, password, email, is_deleted)
VALUES ('drone', '$2a$12$3seFwZfJ/gm3E2VFHqz7g.T465Jw/IDe8.sibEOE9RsmCLzr6KUke', 'drone@test.nl', false),
       ('bee', '$2a$12$3seFwZfJ/gm3E2VFHqz7g.T465Jw/IDe8.sibEOE9RsmCLzr6KUke', 'bee@test.nl', false),
       ('queen', '$2a$12$3seFwZfJ/gm3E2VFHqz7g.T465Jw/IDe8.sibEOE9RsmCLzr6KUke', 'queen@test.nl', false),
       ('user104', '$2a$12$3seFwZfJ/gm3E2VFHqz7g.T465Jw/IDe8.sibEOE9RsmCLzr6KUke', 'user104@test.nl', false),
       ('user105', '$2a$12$3seFwZfJ/gm3E2VFHqz7g.T465Jw/IDe8.sibEOE9RsmCLzr6KUke', 'user105@test.nl', false),
       ('user106', '$2a$12$3seFwZfJ/gm3E2VFHqz7g.T465Jw/IDe8.sibEOE9RsmCLzr6KUke', 'user106@test.nl', false),
       ('user107', '$2a$12$3seFwZfJ/gm3E2VFHqz7g.T465Jw/IDe8.sibEOE9RsmCLzr6KUke', 'user107@test.nl', false),
       ('user108', '$2a$12$3seFwZfJ/gm3E2VFHqz7g.T465Jw/IDe8.sibEOE9RsmCLzr6KUke', 'user108@test.nl', false),
       ('user109', '$2a$12$3seFwZfJ/gm3E2VFHqz7g.T465Jw/IDe8.sibEOE9RsmCLzr6KUke', 'user109@test.nl', false),
       ('user110', '$2a$12$3seFwZfJ/gm3E2VFHqz7g.T465Jw/IDe8.sibEOE9RsmCLzr6KUke', 'user110@test.nl', false),
       ('user111', '$2a$12$3seFwZfJ/gm3E2VFHqz7g.T465Jw/IDe8.sibEOE9RsmCLzr6KUke', 'user111@test.nl', false),
       ('user112', '$2a$12$3seFwZfJ/gm3E2VFHqz7g.T465Jw/IDe8.sibEOE9RsmCLzr6KUke', 'user112@test.nl', false),
       ('user113', '$2a$12$3seFwZfJ/gm3E2VFHqz7g.T465Jw/IDe8.sibEOE9RsmCLzr6KUke', 'user113@test.nl', false),
       ('user114', '$2a$12$3seFwZfJ/gm3E2VFHqz7g.T465Jw/IDe8.sibEOE9RsmCLzr6KUke', 'user114@test.nl', false),
       ('user115', '$2a$12$3seFwZfJ/gm3E2VFHqz7g.T465Jw/IDe8.sibEOE9RsmCLzr6KUke', 'user115@test.nl', false),
       ('user116', '$2a$12$3seFwZfJ/gm3E2VFHqz7g.T465Jw/IDe8.sibEOE9RsmCLzr6KUke', 'user116@test.nl', false),
       ('user117', '$2a$12$3seFwZfJ/gm3E2VFHqz7g.T465Jw/IDe8.sibEOE9RsmCLzr6KUke', 'user117@test.nl', false),
       ('user118', '$2a$12$3seFwZfJ/gm3E2VFHqz7g.T465Jw/IDe8.sibEOE9RsmCLzr6KUke', 'user118@test.nl', false),
       ('user119', '$2a$12$3seFwZfJ/gm3E2VFHqz7g.T465Jw/IDe8.sibEOE9RsmCLzr6KUke', 'user119@test.nl', false),
       ('user120', '$2a$12$3seFwZfJ/gm3E2VFHqz7g.T465Jw/IDe8.sibEOE9RsmCLzr6KUke', 'user120@test.nl', false),
       ('user121', '$2a$12$3seFwZfJ/gm3E2VFHqz7g.T465Jw/IDe8.sibEOE9RsmCLzr6KUke', 'user121@test.nl', true),
       ('user122', '$2a$12$3seFwZfJ/gm3E2VFHqz7g.T465Jw/IDe8.sibEOE9RsmCLzr6KUke', 'user122@test.nl', false),
       ('user123', '$2a$12$3seFwZfJ/gm3E2VFHqz7g.T465Jw/IDe8.sibEOE9RsmCLzr6KUke', 'user123@test.nl', false),
       ('user124', '$2a$12$3seFwZfJ/gm3E2VFHqz7g.T465Jw/IDe8.sibEOE9RsmCLzr6KUke', 'user124@test.nl', false),
       ('user125', '$2a$12$3seFwZfJ/gm3E2VFHqz7g.T465Jw/IDe8.sibEOE9RsmCLzr6KUke', 'user125@test.nl', false),
       ('user126', '$2a$12$3seFwZfJ/gm3E2VFHqz7g.T465Jw/IDe8.sibEOE9RsmCLzr6KUke', 'user126@test.nl', false),
       ('user127', '$2a$12$3seFwZfJ/gm3E2VFHqz7g.T465Jw/IDe8.sibEOE9RsmCLzr6KUke', 'user127@test.nl', false),
       ('user128', '$2a$12$3seFwZfJ/gm3E2VFHqz7g.T465Jw/IDe8.sibEOE9RsmCLzr6KUke', 'user128@test.nl', false),
       ('user129', '$2a$12$3seFwZfJ/gm3E2VFHqz7g.T465Jw/IDe8.sibEOE9RsmCLzr6KUke', 'user129@test.nl', false),
       ('user130', '$2a$12$3seFwZfJ/gm3E2VFHqz7g.T465Jw/IDe8.sibEOE9RsmCLzr6KUke', 'user130@test.nl', false),
       ('user131', '$2a$12$3seFwZfJ/gm3E2VFHqz7g.T465Jw/IDe8.sibEOE9RsmCLzr6KUke', 'user131@test.nl', false),
       ('user132', '$2a$12$3seFwZfJ/gm3E2VFHqz7g.T465Jw/IDe8.sibEOE9RsmCLzr6KUke', 'user132@test.nl', false),
       ('user133', '$2a$12$3seFwZfJ/gm3E2VFHqz7g.T465Jw/IDe8.sibEOE9RsmCLzr6KUke', 'user133@test.nl', false),
       ('user134', '$2a$12$3seFwZfJ/gm3E2VFHqz7g.T465Jw/IDe8.sibEOE9RsmCLzr6KUke', 'user134@test.nl', false),
       ('user135', '$2a$12$3seFwZfJ/gm3E2VFHqz7g.T465Jw/IDe8.sibEOE9RsmCLzr6KUke', 'user135@test.nl', false),
       ('user136', '$2a$12$3seFwZfJ/gm3E2VFHqz7g.T465Jw/IDe8.sibEOE9RsmCLzr6KUke', 'user136@test.nl', false),
       ('user137', '$2a$12$3seFwZfJ/gm3E2VFHqz7g.T465Jw/IDe8.sibEOE9RsmCLzr6KUke', 'user137@test.nl', false),
       ('user138', '$2a$12$3seFwZfJ/gm3E2VFHqz7g.T465Jw/IDe8.sibEOE9RsmCLzr6KUke', 'user138@test.nl', false),
       ('user139', '$2a$12$3seFwZfJ/gm3E2VFHqz7g.T465Jw/IDe8.sibEOE9RsmCLzr6KUke', 'user139@test.nl', false),
       ('user140', '$2a$12$3seFwZfJ/gm3E2VFHqz7g.T465Jw/IDe8.sibEOE9RsmCLzr6KUke', 'user140@test.nl', false),
       ('user141', '$2a$12$3seFwZfJ/gm3E2VFHqz7g.T465Jw/IDe8.sibEOE9RsmCLzr6KUke', 'user141@test.nl', false),
       ('user142', '$2a$12$3seFwZfJ/gm3E2VFHqz7g.T465Jw/IDe8.sibEOE9RsmCLzr6KUke', 'user142@test.nl', true),
       ('userNoEmp', '$2a$12$3seFwZfJ/gm3E2VFHqz7g.T465Jw/IDe8.sibEOE9RsmCLzr6KUke', 'userNoEmp@test.nl', false);


INSERT INTO employees (id, first_name, preposition, last_name, short_name, dob, phone_number,
                       is_active, team_name, username)
VALUES (101, 'Jan', 'de', 'Groot', 'Jan', '1990-01-01', '1234567890', true, 'Kitchen', 'drone'),
       (102, 'Lotte', 'van', 'Beek', 'Lotte', '1992-05-15', '9876543210', true, 'Kitchen', 'bee'),
       (103, 'Pieter', 'van', 'Dijk', 'Pieter vD', '1985-07-20', '5555555555', true, 'Kitchen', 'queen'),
       (104, 'Emma', 'de', 'Vries', 'Emma', '1998-03-10', '1111111111', true, 'Bar', 'user104'),
       (105, 'Daan', 'van', 'Leeuwen', 'Daan2', '1993-11-27', '9999999999', false, 'Bar', 'user105'),
       (106, 'Lisa', 'van', 'Dijk', 'Lies', '1995-09-03', '4444444444', true, 'Bar', 'user106'),
       (107, 'Thomas', 'van', 'Houten', 'Thomas van H', '1991-06-08', '7777777777', true, 'Bar', 'user107'),
       (108, 'Sophie', 'de', 'Lange', 'Sophie', '1997-02-14', '2222222222', false, 'Reception', 'user108'),
       (109, 'Ruben', 'van', 'Berg', 'Ruben', '1989-12-25', '6666666666', true, 'Reception', 'user109'),
       (110, 'Eva', 'van', 'Rijn', 'Eef', '1994-04-18', '8888888888', true, 'RestaurantService', 'user110'),
       (111, 'Eva', 'de', 'Vries', 'evadv', '1993-07-12', '1234567890', true, 'Kitchen', 'user111'),
       (112, 'Daan', 'van der', 'Linden', 'daanvl', '1991-04-28', '9876543210', true, 'Bar', 'user112'),
       (113, 'Emma', '', 'Bakker', 'emmab', '1995-09-14', '5551234567', true, 'Bar', 'user113'),
       (114, 'Liam', '', 'Jansen', 'liamj', '1990-12-03', '999888-7777', true, 'RestaurantService', 'user114'),
       (115, 'Sophie', '', 'Hendriks', 'sophieh', '1988-02-19', '1112223333', true, 'Kitchen', 'user115'),
       (116, 'Sem', '', 'Bos', 'semb', '1992-06-30', '4445556666', true, 'Bar', 'user116'),
       (117, 'Tess', '', 'Willems', 'tessw', '1994-03-25', '7778889999', true, 'RestaurantService', 'user117'),
       (118, 'Milan', '', 'Maas', 'milanm', '1997-11-10', '2223334444', true, 'RestaurantService', 'user118'),
       (119, 'Julia', '', 'Peeters', 'juliap', '1989-08-07', '8889990000', true, 'Kitchen', 'user119'),
       (120, 'Lucas', '', 'Dekker', 'lucasd', '1996-10-21', '3334445555', true, 'Bar', 'user120'),
       (121, 'Noah', '', 'Kuijpers', 'noahk', '1998-03-15', '3344455566', true, 'Kitchen', 'user121'),
       (122, 'Mila', '', 'Verhoeven', 'milav', '1996-04-20', '4455566677', true, 'Kitchen', 'user122'),
       (123, 'Levi', 'van der', 'Heijden', 'levivdh', '1997-05-25', '5566677788', true, 'Kitchen', 'user123'),
       (124, 'Anna', '', 'Hoekstra', 'annah', '1995-06-30', '6677788899', true, 'Kitchen', 'user124'),
       (125, 'Julian', '', 'Smit', 'julians', '1993-07-05', '7788899900', true, 'Kitchen', 'user125'),
       (126, 'Sara', 'de', 'Boer', 'saradb', '1992-08-10', '8899900011', true, 'Bar', 'user126'),
       (127, 'Bram', 'de', 'Groot', 'bramdg', '1991-09-15', '9900011122', true, 'Bar', 'user127'),
       (128, 'Finn', '', 'Bosch', 'finnb', '1994-10-20', '0011122233', true, 'Bar', 'user128'),
       (129, 'Esmee', '', 'Vos', 'esmeev', '1996-11-25', '1122233344', true, 'Bar', 'user129'),
       (130, 'Luuk', '', 'Meijer', 'luukm', '1990-12-30', '2233344455', true, 'Bar', 'user130'),
       (131, 'Liv', 'van', 'Dijk', 'livvd', '1989-01-04', '3344455566', true, 'Bar', 'user131'),
       (132, 'Mees', '', 'Visser', 'meesv', '1998-02-09', '4455566677', true, 'Bar', 'user132'),
       (133, 'Lotte', '', 'Janssen', 'lottej', '1997-03-16', '5566677788', true, 'RestaurantService', 'user133'),
       (134, 'Luca', 'van den', 'Bosch', 'lucavdb', '1995-04-21', '6677788899', true, 'RestaurantService', 'user134'),
       (135, 'Lara', '', 'Dekker', 'larad', '1996-05-26', '7788899900', true, 'RestaurantService', 'user135'),
       (136, 'Thijs', '', 'Mulder', 'thijsm', '1994-06-30', '8899900011', true, 'RestaurantService', 'user136'),
       (137, 'Sofia', 'de', 'Jong', 'sofiadj', '1992-07-05', '9900011122', true, 'RestaurantService', 'user137'),
       (138, 'Max', 'van der', 'Linden', 'maxvdl', '1991-08-10', '0011122233', true, 'RestaurantService', 'user138'),
       (139, 'Nina', '', 'Bakker', 'ninab', '1993-09-15', '1122233344', true, 'Kitchen', 'user139'),
       (140, 'Sam', '', 'Blom', 'samb', '1995-10-20', '2233344455', true, 'Kitchen', 'user140');


INSERT INTO absences(id, start_date, end_date, employee_id)
VALUES (301, '2023-01-05', '2023-01-05', 101),
       (302, '2023-01-15', '2023-01-18', 101),
       (303, '2023-01-20', '2023-01-25', 101),
       (304, '2023-01-30', '2023-01-30', 101),
       (305, '2023-02-22', '2023-02-26', 101),
       (306, '2023-01-19', '2023-01-22', 103),
       (307, '2023-01-09', '2023-01-10', 103);

INSERT INTO authorities (username, authority)
VALUES ('drone', 'ROLE_USER'),
       ('bee', 'ROLE_MANAGER'),
       ('queen', 'ROLE_ADMIN'),
       ('user104', 'ROLE_USER'),
       ('user105', 'ROLE_USER'),
       ('user106', 'ROLE_USER'),
       ('user107', 'ROLE_USER'),
       ('user108', 'ROLE_USER'),
       ('user109', 'ROLE_USER'),
       ('user110', 'ROLE_USER'),
       ('user111', 'ROLE_USER'),
       ('user112', 'ROLE_USER'),
       ('user113', 'ROLE_USER'),
       ('user114', 'ROLE_USER'),
       ('user115', 'ROLE_USER'),
       ('user116', 'ROLE_USER'),
       ('user117', 'ROLE_USER'),
       ('user118', 'ROLE_USER'),
       ('user119', 'ROLE_USER'),
       ('user120', 'ROLE_USER'),
       ('user121', 'ROLE_USER'),
       ('user122', 'ROLE_USER'),
       ('user123', 'ROLE_USER'),
       ('user124', 'ROLE_USER'),
       ('user125', 'ROLE_USER'),
       ('user126', 'ROLE_USER'),
       ('user127', 'ROLE_USER'),
       ('user128', 'ROLE_USER'),
       ('user129', 'ROLE_USER'),
       ('user130', 'ROLE_USER'),
       ('user131', 'ROLE_USER'),
       ('user132', 'ROLE_USER'),
       ('user133', 'ROLE_USER'),
       ('user134', 'ROLE_USER'),
       ('user135', 'ROLE_USER'),
       ('user136', 'ROLE_USER'),
       ('user137', 'ROLE_USER'),
       ('user138', 'ROLE_USER'),
       ('user139', 'ROLE_USER'),
       ('user140', 'ROLE_USER'),
       ('user141', 'ROLE_USER'),
       ('user142', 'ROLE_USER'),
       ('userNoEmp', 'ROLE_USER');


INSERT INTO shifts (id, start_shift, end_shift, team_name, employee_id, roster_id, week_number, year)
VALUES (201, '2023-01-04 09:00:00', '2023-01-04 17:00:00', 'Kitchen', 101, 605, 1, 2023),
       (202, '2023-01-02 10:00:00', '2023-01-02 17:00:00', 'Kitchen', 102, 605, 1, 2023),
       (203, '2023-01-02 12:00:00', '2023-01-02 17:00:00', 'Kitchen', 103, 605, 1, 2023),
       (204, '2023-01-02 17:00:00', '2023-01-03 02:00:00', 'Kitchen', 111, 605, 1, 2023),
       (205, '2023-01-02 22:00:00', '2023-01-03 02:00:00', 'Kitchen', 115, 605, 1, 2023),
       (206, '2023-01-03 09:00:00', '2023-01-03 17:00:00', 'Kitchen', 101, 605, 1, 2023),
       (207, '2023-01-03 10:00:00', '2023-01-03 17:00:00', 'Kitchen', 102, 605, 1, 2023),
       (208, '2023-01-03 12:00:00', '2023-01-03 17:00:00', 'Kitchen', 103, 605, 1, 2023),
       (209, '2023-01-03 17:00:00', '2023-01-03 21:00:00', 'Kitchen', 111, 605, 1, 2023),
       (210, '2023-01-03 17:00:00', '2023-01-04 02:00:00', 'Kitchen', 115, 605, 1, 2023),
       (211, '2023-01-03 17:00:00', '2023-01-04 02:00:00', 'Kitchen', 119, 605, 1, 2023),
       (212, '2023-01-03 17:00:00', '2023-01-04 02:00:00', 'Bar', null, 606, 1, 2023),
       (213, '2023-01-03 17:00:00', '2023-01-04 02:00:00', 'Bar', null, 606, 1, 2023),
       (214, '2023-01-02 09:00:00', '2023-01-02 17:00:00', 'Kitchen', 101, 605, 1, 2023),
       (215, '2023-01-04 10:00:00', '2023-01-04 17:00:00', 'Kitchen', 102, 605, 1, 2023),
       (216, '2023-01-04 17:00:00', '2023-01-04 23:00:00', 'Kitchen', 103, 605, 1, 2023),
       (217, '2023-01-04 17:00:00', '2023-01-04 23:00:00', 'Reception', null, 607, 1, 2023),
       (218, '2023-01-04 17:00:00', '2023-01-05 02:00:00', 'RestaurantService', null, 608, 1, 2023);






